<?xml version="1.0" encoding="UTF-8" ?>
<!DOCTYPE mapper PUBLIC "-//mybatis.org//DTD Mapper 3.0//EN" 
    "http://mybatis.org/dtd/mybatis-3-mapper.dtd">

<mapper namespace="com.ssafy.gitaek.mapper.UserMapper">
    
    <insert id="insertUser" parameterType="User">
        INSERT INTO Users (email, password, nickname, created_at)
        VALUES (#{email}, #{password}, #{nickname}, NOW())
    </insert>

    <select id="selectUserByEmail" resultType="User">
        SELECT user_id, email, password, nickname, created_at 
        FROM Users 
        WHERE email = #{email}
    </select>
    
    <select id="checkEmailExists" resultType="int">
        SELECT count(*) FROM Users WHERE email = #{email}
    </select>
    
    <update id="updateUser" parameterType="User">
        UPDATE Users
        SET nickname = #{nickname},
            password = #{password}
        WHERE user_id = #{userId}
    </update>
    
    <select id="selectUserByEmailAndNick" resultType="User">
        SELECT * FROM Users 
        WHERE email = #{email} AND nickname = #{nickname}
    </select>

    <update id="updatePassword" parameterType="User">
        UPDATE Users
        SET password = #{password}
        WHERE user_id = #{userId}
    </update>
    
    <select id="selectUserById" resultType="User">
        SELECT * FROM Users WHERE user_id = #{userId}
    </select>
    
</mapper>